Model,Partition,R^2,MAE,RMSE
SelectKBest 1,Train,0.5432381629943848,1.6663554728272474,2.1211804624610795
