Model,Partition,R^2,MAE,RMSE
Clustering 2,Train,0.5745177865028381,1.6112315096835859,2.047262040866632
