Model,Partition,R^2,MAE,RMSE
PCA 3,Train,0.7500002384185791,1.2285308220125886,1.5692874642614962
