Model,Partition,R^2,MAE,RMSE
PCA 3,Train,0.3865917002896213,1.9462036851416202,2.458145225473183
