Model,Partition,R^2,MAE,RMSE
SelectKBest 1,Train,0.3865917002896213,1.9462036851416198,2.458145225473183
