Model,Partition,R^2,MAE,RMSE
Clustering 2,Train,0.44922164566684264,1.8397753249101514,2.3292770368003017
