Model,Partition,R^2,MAE,RMSE
PCA 3,Train,0.4949438266901184,1.694206179446329,2.230501682128353
