Model,Partition,R^2,MAE,RMSE
SelectKBest 1,Train,0.48535021474692275,1.7127727865988822,2.251586370646836
