Model,Partition,R^2,MAE,RMSE
Clustering 2,Train,0.48611163601164986,1.7111784032907882,2.249920149875071
