Model,Partition,R^2,MAE,RMSE
PCA 3,Train,0.6713574246048044,1.418480528257348,1.7992629029397829
