Model,Partition,R^2,MAE,RMSE
SelectKBest 1,Train,0.5876441210212355,1.5810714278319946,2.015435056984921
