Model,Partition,R^2,MAE,RMSE
Clustering 2,Train,0.5091275890729869,1.734537476164586,2.198958458465248
