Model,MAE,RMSE
Keras Sequential,9.216052055358887,13.09342098236084
