Model,Partition,R^2,MAE,RMSE
PCA 3,Train,0.473102534142671,1.7978165257936378,2.278220566322867
