Model,Partition,R^2,MAE,RMSE
Clustering 2,Train,0.46228112262424015,1.803992920614994,2.301496690891254
