Model,Partition,R^2,MAE,RMSE
SelectKBest 1,Train,0.47669344374474665,1.795152403397666,2.2704440339601213
