Model,Partition,R^2,MAE,RMSE
SelectKBest 1,Train,0.5263111906036215,1.6887449392712555,2.1601269518348185
