Model,Partition,R^2,MAE,RMSE
PCA 3,Train,0.9983560159043814,0.013765182186234818,0.12725695259515554
