Model,Partition,R^2,MAE,RMSE
Clustering 2,Train,0.7499128418641263,1.2521951912508071,1.5695617588038462
