Model,Partition,R^2,MAE,RMSE
SelectKBest 1,Train,0.7362529785622165,1.2694290916309285,1.6118569458078267
