Model,Partition,R^2,MAE,RMSE
PCA 3,Train,0.8514662465126885,0.967271800924297,1.2096097843984746
